Metric,ROP (Train),ROP (Test),Torque (Train),Torque (Test)
RMSE,1.0716525759577353,2.7581847583039836,555.1231000868186,1439.3267089163598
AARE (%),29.80276964267871,36.56392537904159,9.557302745610373,39.80329532738306
R²,0.5380340380084987,-0.5698437508406868,0.32969582080841064,-1.220047950744629
