Metric,ROP (Train),ROP (Test)
RMSE,1.5979495501846988,2.669373257027287
AARE (%),42.574871786930615,36.726328579226305
R²,0.3287906963391186,-0.4703757462221254
